,address,amount,status,hash,confirm
0,0xE4A482E15Bd8D5cAEf13B2f0EfdE7Bf15B737929,1001.0,added,0xa53a7e2586114f2ac229f20f6881306d066c9ba137a6310b0821309c0042d458,True
1,0xaDF66a56f668Bd18C598af93207330273E62ccA8,1002.0,added,0xcbeee16c0bee0d748f46661ea5977122a1882d69cfcd2ba93a92130cc1791c7e,True
2,0x4B0897b0513fdC7C541B6d9D7E929C4e5364D2dB,1003.0,added,0xca3ae02e12f77b32a70ab2070d66a1769b0b3fdca6d5735d19643a7194ec78c2,True
3,0x817f3fb962b5b090356e953134f34e63c5a7a0ad,1004.0,added,0xadd25e22c10b45b6d737def4992ea889af8954ad83103d37ca5bd4a3aa67bea3,True
4,0xfaae2dddb4afc844533f214273c0d89819d728e0,1005.0,added,0x5d07fe33242d83df5c3ebb8f858a86b66f7a5c806823b36f519ff3a63f2bbd5b,True
5,0xd4601ccac345484e84f8fed6fb02a40d13108c61,1006.0,added,0x8dacc2d0340d63168b9646c4d3f3b388394567937304e35e014ba7d425bf8aff,True
6,0x27b6b7245f0df46f5ce35658b2aeeb97d0f64912,1007.0,added,0x366ca08712e08deafea69ba227766f3f953dba787fe152bc3b54d27839761c15,True
7,0x8c330dc0f8b4039a4b4a9f386b3095f49d1dafa9,1008.0,added,0xd14b88d233ee9106b0fc3618c261d0f8ccde9ea5ed9bf09893c7fa87007827c1,True
8,0x4dabdfc1d1304e99be2a5ecdb62b96ca58bdc16a,1009.0,added,0x470c5d854abc8f95e7c5a0be2e19fa6f8cb572c88abb0443bfa86e02697c4af5,True
9,0xb60b5208684ec09288f5e36b0d3caeceee343c82,1010.0,added,0xf728bd0214f76f9d3bc1792f99f91067b033e7c9430a4bc52eacd4b0d63c76dc,True
10,0x9e2084495f5f4affd0d465a8a1c4f56d8fb1fc60,1016.0,added,0x40d8934e6b063056d21a3c49f2dfeb3138175bf684e190b0233314c8ec59513e,True
