address,amount
0xE4A482E15Bd8D5cAEf13B2f0EfdE7Bf15B737929,1001
0xaDF66a56f668Bd18C598af93207330273E62ccA8,1002
0x4B0897b0513fdC7C541B6d9D7E929C4e5364D2dB,1003
0x817f3fb962b5b090356e953134f34e63c5a7a0ad,1004
0xfaae2dddb4afc844533f214273c0d89819d728e0,1005
0xd4601ccac345484e84f8fed6fb02a40d13108c61,1006
0x27b6b7245f0df46f5ce35658b2aeeb97d0f64912,1007
0x8c330dc0f8b4039a4b4a9f386b3095f49d1dafa9,1008
0x4dabdfc1d1304e99be2a5ecdb62b96ca58bdc16a,1009
0xb60b5208684ec09288f5e36b0d3caeceee343c82,1010
0xb87d836a3e8ed77a051f8f07291ea00591c8cdc8,1011
0xdd7dc6b819a82afa25fb0ff119a368bbb9d029e7,1012
0x383337f0f09310edf1316993f1a50b85827ff341,1013
0x8ec5b79981b6318d0c6f9d3c68ff266a3a5a70e3,1014
0xf203840d1d187d2a6fe4e9e2f62a5181a0e07061,1015
0x9e2084495f5f4affd0d465a8a1c4f56d8fb1fc60,1016
0x259573080654871f261c3e639c09bc03a7146558,1017
0xc14ef3c3bc58bf24670e7636b53f136fb0433b2d,1018
0xcfddf4b249155a8ee93449f81d3cab3c3b387aac,1019
0xd8c8001b89123a23eceb3c958d08dafcb58c96ce,1020
0x6c4be015b624825e01710a7982d71a4e190859cf,1021
0x55f55b1fc900e576aba61bfa38845c775b94827a,1022
0x1d1c483d1571342fe0ebdd3f1fb8ef6510690919,1023
0xe28f61747433ab85964b68036b6b8a235f87f675,1024
0x46f863550d02fc806676013ee440cc5f2e4adee4,1025
0x5276a46f78e9427fd7e4bb990d59a5be1f00846a,1026
0xb1708258b9cd32cbe8c15691cb82d3aacd109828,1027
0xfbd03613cdc2682b362da28e4561c29be614d597,1028
0x1d96e6adfa4d94bc05696ae3aa3d3ce6b975fc46,1029
0x86edebac4a56c391d1b16e15c3dc978e6cb5fa60,1030
0x647ea2a0ca259c8f6f70c47dd32f9b73f4ccfa29,1031
0xc2bdad600b45dc3b3ab47adb34491713bf0f51b8,1032
0x1bea4bbfd97402693db68e74d0c5245228fae4b5,1033
0x00f528cd6f33813cd4597fd6e57c55ee9808ef5c,1034
0xd60627699b79d9481d32e934c7f740c2ab9f2fd7,1035
0x4c47241192e09842c4a75b03bdcbe5a70dfa4d92,1036
0xa6bc3a9e716ee7e7b0b14c941363c530008f3512,1037
0xf9f0ed6f64117bf6c032d3554e5e7cac6a1e0753,1038
0x6d1201947680d780d1bd9e7a322d7a0a7f6d83b7,1039
0x80832b1bbf9c033ea8aed28147bd139091f691c1,1040
0x5ae5ef14e9d12f0b0553308a79f54aea541676f4,1041
0xa7748ed21289a1afdbd5c5c7e519ff219227bb5c,1042
0xca9f3bac18aef75a5aa615e2f1124c58f45efdf7,1043
0x92899e6cbb5a99915883f9513aff569283a40081,1044
0x878bf0aa2733d0ba56fe0acb24a81322b083ba31,1045
0x29d81e5655211aaa9b12589157587e0ca5263e79,1046
0xa66ec6faca5ad677c4bf2a5c890316888d1d18ee,1047
0xebff4f598b83a8cdab7246771545efb2f38c8961,1048
0xd2c65302e83be13b6b1242f552f1647edb35c0e4,1049
0xe2e6aaa834edb987793ab56c723d34ff157d0bc0,1050
